/collections/music.html   /music.html   301
/collections/events.html  /events.html  301
/collections/birds.html   /birds.html   301
/collections/landscapes.html /landscapes.html 301
/collections/pets.html    /pets.html    301
/collections/travel.html  /travel.html  301
/collections/tags.html    /tags.html    301

/*    /index.html   200
